id,release_date,title,publisher,bit_memory,price
1,1988-10-29,スーパーサンダーブレード,セガ, ,5800
2,1988-10-29,スペースハリアーII,セガ, ,5800
3,1988-11-27,獣王記,セガ, ,5800
4,1988-12-24,おそ松くん はちゃめちゃ劇場 ,セガ, ,5500
5,1989-02-10,アレックスキッド 天空魔城 ,セガ, ,5500
6,1989-03-21,ファンタシースターII 還らざる時の終わりに,セガ, ,8000
7,1989-04-22,スーパーリーグ ,セガ, ,5800
8,1989-04-29,スーパー大戦略,セガ, ,6800
9,1989-06-15,サンダーフォースII MD,テクノソフト, ,6800
10,1989-07-01,北斗の拳 新世紀末救世主伝説,セガ, ,6000
11,1989-07-29,ワールドカップサッカー,セガ, ,5500
12,1989-08-03,大魔界村,セガ, ,6800
13,1989-09-09,尾崎直道のスーパーマスターズ,セガ, ,6000
14,1989-10-06,スーパーハイドライド,アスミック, ,7900
15,1989-10-06,スーパーハングオン,セガ, ,6000
16,1989-10-21,ランボーIII,セガ, ,5500
17,1989-11-18,フォゴットンワールズ,セガ, ,6000
18,1989-11-25,孔雀王2,セガ, ,6000
19,1989-12-02,ザ・スーパー忍,セガ, ,6000
20,1989-12-09,TATSUJIN,セガ, ,6000
21,1989-12-14,マージャンCOP竜 白狼の野望,セガ, ,5500
22,1989-12-15,ヘルツォーク・ツヴァイ,テクノソフト, ,6800
23,1989-12-16,ヴァーミリオン ,セガ, ,8500
24,1989-12-23,ゴールデンアックス,セガ, ,6000
25,1989-12-23,カース,マイクロネット, ,6800
26,1990-01-13,ズーム!,セガ, ,5500
27,1990-01-30,史上最大の倉庫番,メサイヤ, ,5200
28,1990-02-24,ソーサリアン,セガ, ,7000
29,1990-03-02,スーパーリアルバスケットボール,セガ, ,6000
30,1990-03-03,ニュージーランドストーリー,タイトー, ,6800
31,1990-03-09,エアダイバー,アスミック, ,6800
32,1990-03-16,重装機兵レイノス,メサイヤ, ,6200
33,1990-03-23,ファイナルブロー,タイトー, ,6800
34,1990-03-23,アフターバーナーII,電波新聞社, ,6900
35,1990-04-07,ダーウィン4081,セガ, ,6000
36,1990-04-21,時の継承者 ファンタシースターIII,セガ, ,8700
37,1990-04-27,サイオブレード,シグマ商事, ,8500
38,1990-05-19,DJボーイ,セガ, ,6000
39,1990-05-26,ウィップラッシュ 惑星ボルテガスの謎,セガ, ,6000
40,1990-06-08,TEL・TELまあじゃん,サンソフト, ,5800
41,1990-06-08,サンダーフォースIII,テクノソフト, ,6800
42,1990-06-23,大旋風,セガ, ,6000
43,1990-06-30,ゴーストバスターズ,セガ, ,6000
44,1990-06-30,コラムス,セガ, ,5500
45,1990-07-14,ESWAT,セガ, ,6000
46,1990-07-20,フェリオス,ナムコ, ,5800
47,1990-07-27,バットマン,サンソフト, ,6500
48,1990-07-28,サイバーボール,セガ, ,6000
49,1990-08-09,スーパーモナコGP,セガ, ,6000
50,1990-08-10,四天明王,シグマ商事, ,6200
51,1990-08-10,ラスタンサーガ2,タイトー, ,6800
52,1990-08-25,マイケル・ジャクソンズ・ムーンウォーカー,セガ, ,6000
53,1990-08-26,XDR,ユニパック, ,6800
54,1990-09-07,スペースインベーダー90,タイトー, ,5900
55,1990-09-07,クラックス,ナムコ, ,4900
56,1990-09-07,インセクターX,ホット・ビィ, ,6800
57,1990-09-28,ヘルファイアー,メサイヤ, ,6800
58,1990-09-29,ストライダー飛竜,セガ, ,7000
59,1990-10-05,レインボーアイランドエキストラ,タイトー, ,6800
60,1990-10-12,FZ戦記アクシス,ウルフチーム, ,6800
61,1990-10-12,ファットマン,サンリツ電気, ,7800
62,1990-10-19,バーニングフォース,ナムコ, ,5800
63,1990-10-21,TEL・TELスタジアム,サンソフト, ,6500
64,1990-10-27,ダイナマイトデューク,セガ, ,6000
65,1990-11-02,鮫!鮫!鮫!,東亜プラン, ,6500
66,1990-11-16,グラナダ,ウルフチーム, ,6800
67,1990-11-21,アイラブミッキーマウス ふしぎのお城大冒険,セガ, ,4800
68,1990-11-22,メガパネル,ナムコ, ,4900
69,1990-11-25,ジャンクション,マイクロネット, ,6000
70,1990-12-01,シャドーダンサー ザ・シークレット・オブ・シノビ,セガ, ,6000
71,1990-12-12,キューティー鈴木のリングサイドエンジェル,アスミック, ,6800
72,1990-12-14,ぎゅわんぶらあ自己中心派 片山まさゆきの麻雀道場,ゲームアーツ, ,6800
73,1990-12-14,エレメンタルマスター,テクノソフト, ,6800
74,1990-12-14,アトミックロボキッド,トレコ, ,6800
75,1990-12-15,まじかるハットのぶっとびターボ!大冒険,セガ, ,5800
76,1990-12-18,デンジャラスシード,ナムコ, ,5800
77,1990-12-20,アローフラッシュ,セガ, ,6000
78,1990-12-20,クラックダウン,セガ, ,6000
79,1990-12-20,ダライアスII ,タイトー, ,8900
80,1990-12-21,ハードドライビン,テンゲン, ,5900
81,1990-12-21,スタークルーザー,メサイヤ, ,7300
82,1990-12-21,武者アレスタ,東亜プラン, ,6800
83,1990-12-22,ワンダーボーイIII モンスターレア,セガ, ,6000
84,1990-12-26,ヘビーユニット メガドライブスペシャル,東宝, ,6500
85,1990-12-26,ガイアレス,日本テレネット, ,8400
86,1991-01-03,ゲイングランド,セガ, ,6000
87,1991-01-25,ヴォルフィード,タイトー, ,4900
88,1991-01-25,ジノーグ,メサイヤ, ,6500
89,1991-01-31,エアロブラスターズ,KANEKO, ,6000
90,1991-02-01,スーパーバレーボール,ビデオシステム, ,5800
91,1991-02-08,レッスルボール,ナムコ, ,5800
92,1991-02-15,バトルゴルファー唯,セガ, ,6000
93,1991-02-22,究極タイガー,トレコ, ,7500
94,1991-02-24,シーザーの野望,マイクロネット, ,8800
95,1991-03-01,ジョー・モンタナ フットボール,セガ, ,6000
96,1991-03-01,ディックトレイシー,セガ, ,6000
97,1991-03-08,バハムート戦記,セガ, ,6800
98,1991-03-19,ふしぎの海のナディア,ナムコ, ,6500
99,1991-03-22,魔物ハンター妖子 第7の警鐘,メサイヤ, ,6500
100,1991-03-22,ヴァリスIII,日本テレネット, ,8400
101,1991-03-29,斬 夜叉円舞曲,ウルフチーム, ,8500
102,1991-03-29,シャイニング&ザ・ダクネス,セガ, ,8700
103,1991-03-29,ミッドナイトレジスタンス,データイースト, ,7800
104,1991-03-29,スーパーエアーウルフ,九娯貿易, ,6800
105,1991-03-29,雀偵物語,日本テレネット, ,8400
106,1991-04-05,ヴェリテックス,アスミック, ,6800
107,1991-04-06,日刊スポーツプロ野球ＶＡＮ,セガ,7000
108,1991-04-26,ワードナの森SPECIAL,ビスコ, ,6300
109,1991-04-26,火激,ホット・ビィ, ,7700
110,1991-04-26,ラングリッサー,メサイヤ, ,7300
111,1991-04-27,紫禁城,サンソフト, ,6500
112,1991-04-29,三国志列伝 乱世の英雄たち,セガ, ,8700
113,1991-05-17,ボナンザブラザーズ,セガ, ,6000
114,1991-05-31,ファイアームスタング,タイトー, ,6800
115,1991-05-31,ゼロウイング,東亜プラン, ,8000
116,1991-06-14,アークス・オデッセイ,ウルフチーム, ,8500
117,1991-06-17,アドバンスド大戦略 ドイツ電撃作戦,セガ, ,8700
118,1991-06-22,ブルーアルマナック,講談社総研, ,8700
119,1991-06-26,サンダーフォックス,タイトー, ,8500
120,1991-06-28,エイリアンストーム,セガ, ,6000
121,1991-06-28,レッスルウォー,セガ, ,6000
122,1991-06-28,セイントソード,タイトー, ,6800
123,1991-06-28,マーベルランド,ナムコ, ,7000
124,1991-06-28,ファステスト・ワン,ヒューマン, ,7500
125,1991-07-06,雷電伝説,マイクロネット, ,8800
126,1991-07-12,球界道中記,ナムコ, ,6000
127,1991-07-19,ストリートスマート,トレコ, ,6800
128,1991-07-26,ソニック・ザ・ヘッジホッグ,セガ, ,6000
129,1991-07-26,マスター・オブ・モンスターズ,東芝EMI, ,7800
130,1991-08-02,超闘竜烈伝ディノランド,ウルフチーム, ,6800
131,1991-08-02,ベア・ナックル 怒りの鉄拳,セガ, ,6000
132,1991-08-02,空牙,日本テレネット, ,8400
133,1991-08-06,メガトラックス,ナムコ, ,6000
134,1991-08-09,アウトラン,セガ, ,7000
135,1991-08-09,ポピュラス,セガ, ,6000
136,1991-08-30,ジュエルマスター,セガ, ,6000
137,1991-08-30,プロ野球スーパーリーグ'91,セガ, ,6800
138,1991-09-13,ギャラクシーフォースII,CRI, ,8400
139,1991-09-20,エル・ヴィエント,ウルフチーム, ,8500
140,1991-09-20,レンタヒーロー,セガ, ,8700
141,1991-09-27,戦場の狼II,セガ, ,7000
142,1991-09-27,マスターオブウェポン,タイトー, ,6800
143,1991-09-30,宇宙戦艦ゴモラ,UPL, ,7500
144,1991-10-10,デビルクラッシュMD,テクノソフト, ,6800
145,1991-10-11,ソード・オブ・ソダン,セガ, ,6000
146,1991-10-18,スパイダーマン,セガ, ,6000
147,1991-10-25,ワンダーボーイV モンスターワールドIII,セガ, ,7000
148,1991-10-25,魔王連獅子,タイトー, ,6800
149,1991-10-31,将棋の星,ホームデータ, ,6700
150,1991-11-01,ブロックアウト,セガ, ,6000
151,1991-11-01,イースIII -ワンダラーズフロムイース-,日本テレネット, ,8700
152,1991-11-02,ドラゴンズアイ プラス 上海III,ホームデータ, ,5800
153,1991-11-15,ルナーク,タイトー, ,6800
154,1991-11-19,ローリングサンダー2,ナムコ, ,7000
155,1991-11-22,ファンタジア ミッキーマウス・マジック,セガ, ,4800
156,1991-11-29,乱世の覇者,アスミック, ,9800
157,1991-11-29,ビースト・ウォリアーズ,日本テレネット, ,8400
158,1991-12-06,忍者武雷伝説,セガ, ,8700
159,1991-12-06,ファイティングマスターズ,トレコ, ,6800
160,1991-12-06,エグザイル 時の狭間へ,日本テレネット, ,8900
161,1991-12-12,ソル・フィース,ウルフチーム, ,6800
162,1991-12-12,ヘビーノバ,マイクロネット, ,6800
163,1991-12-13,太平記,セガ, ,8700
164,1991-12-14,ノスタルジア1907,シュールド・ウェーブ, ,7200
165,1991-12-20,アンデッドライン,PALSOFT, ,8800
166,1991-12-20,ダブルドラゴンII,PALSOFT, ,8800
167,1991-12-20,ダーナ 女神誕生,アイ・ジー・エス, ,8900
168,1991-12-20,アーネスト・エバンス,ウルフチーム, ,7300
169,1991-12-20,アイラブドナルドダック グルジア王の秘宝,セガ, ,4800
170,1991-12-20,惑星ウッドストック ファンキーホラーバンド,セガ, ,6800
171,1991-12-20,タスクフォースハリアーEX,トレコ, ,8500
172,1991-12-20,F1サーカスMD,日本物産, ,7500
173,1991-12-20,中島悟監修F-1 GRAND PRIX,バリエ, ,7800
174,1991-12-20,信長の野望・武将風雲録,光栄, ,11800
175,1991-12-26,三國志II,光栄, ,14800
176,1991-12-27,ゴールデンアックスII,セガ, ,6000
177,1991-12-27,夢幻戦士ヴァリス,日本テレネット, ,8400
178,1991-12-28,天下布武 英雄たちの咆哮,ゲームアーツ, ,7800
179,1992-01-14,スーパーファンタジーゾーン,サンソフト, ,6800
180,1992-01-14,ちびまる子ちゃん わくわくショッピング,ナムコ, ,6000
181,1992-01-24,ジョー・モンタナII スポーツフットボール,セガ, ,6800
182,1992-01-31,ワニワニWorld,KANEKO, ,6600
183,1992-01-31,テクモワールドカップ'92,シムス, ,6200
184,1992-01-31,JuJu伝説,セガ, ,6000
185,1992-02-07,ソーサルキングダム,メサイヤ, ,8800
186,1992-02-14,SDヴァリス,日本テレネット, ,6800
187,1992-02-14,港のトレイジア,日本テレネット, ,8900
188,1992-02-18,精霊神世紀フェイエリア,ウルフチーム, ,7400
189,1992-02-28,クルードバスター,データイースト, ,7800
190,1992-02-28,ロードブラスターズ,テンゲン, ,6800
191,1992-03-06,バトルマニア,ビック東海, ,6800
192,1992-03-13,トージャム&アール,セガ, ,6800
193,1992-03-13,鋼鉄帝国,ホット・ビィ, ,7800
194,1992-03-20,シャイニング・フォース 神々の遺産,セガ, ,8700
195,1992-03-27,Art ALIVE,セガ, ,3800
196,1992-03-27,ターボアウトラン,セガ, ,6000
197,1992-03-27,ピットファイター,テンゲン, ,7800
198,1992-03-27,シャドー・オブ・ザ・ビースト 魔性の掟,ビクター音楽産業, ,8800
199,1992-03-27,サンダープロレスリング列伝,ヒューマン, ,7400
200,1992-03-27,ストームロード,マイクロワールド, ,6800
201,1992-03-27,コズミックファンタジーStories,日本テレネット, ,7800
202,1992-04-10,A列車で行こうMD,セガ, ,6800
203,1992-04-17,デス・ブリンガー 秘められた紋章,日本テレネット, ,7400
204,1992-04-24,アリシア ドラグーン,ゲームアーツ, ,7800
205,1992-04-24,まじかる☆タルるートくん,セガ, ,3880
206,1992-04-24,バッドオーメン,ホット・ビィ, ,6800
207,1992-04-24,大航海時代,光栄, ,11800
208,1992-04-30,スライムワールド,マイクロワールド, ,6800
209,1992-05-15,中島悟監修F1 HERO MD,バリエ, ,7800
210,1992-05-28,シーザーの野望II,マイクロネット, ,8800
211,1992-05-29,アイルロード,ウルフチーム, ,7800
212,1992-05-29,カメレオンキッド,セガ, ,6800
213,1992-05-29,クイズスクランブルスペシャル,セガ, ,6800
214,1992-06-12,グランドスラム,日本テレネット, ,6800
215,1992-06-19,スピードボール2,CRI, ,6800
216,1992-06-19,TOP PRO GOLF,ソフトビジョン, ,8500
217,1992-06-19,魔法の少女シルキーリップ,日本テレネット, ,7400
218,1992-06-25,ロイヤルブラッド,光栄, ,9800
219,1992-06-26,LUNAR ザ・シルバースター ,ゲームアーツ, ,7800
220,1992-06-26,闘技王キングコロッサス,セガ, ,5800
221,1992-06-26,ペーパーボーイ,テンゲン, ,6800
222,1992-07-10,デビッド・ロビンソン バスケットボール,セガ, ,4800
223,1992-07-10,炎の闘球児 ドッジ弾平,セガ, ,3800
224,1992-07-17,アイルトン・セナ スーパーモナコGPII,セガ, ,7800
225,1992-07-17,グレイランサー,メサイヤ, ,8300
226,1992-07-24,ダイナブラザーズ,CRI, ,8800
227,1992-07-24,オリンピックゴールド,セガ, ,4800
228,1992-07-24,サンダーフォースIV,テクノソフト, ,8800
229,1992-07-24,ツインクルテール,WAS, ,7800
230,1992-07-31,デトネイター・オーガン,ホット・ビィ, ,7800
231,1992-08-04,スプラッターハウス PARTII,ナムコ, ,5800
232,1992-08-07,熱血高校ドッジボール部サッカー編MD,PALSOFT, ,8800
233,1992-08-07,ひょっこりひょうたん島 大統領をめざせ!,セガ, ,4800
234,1992-08-07,修羅の門,セガ, ,6000
235,1992-08-07,プリンス・オブ・ペルシャ,ビクター音楽産業, ,7800
236,1992-08-28,サンダーストームFX,ウルフチーム, ,7800
237,1992-09-11,ブライ 八玉の勇士伝説,セガ, ,7800
238,1992-09-24,提督の決断,光栄, ,14800
239,1992-09-25,ライズ・オブ・ザ・ドラゴン,セガ, ,6800
240,1992-09-25,ワンダードッグ,ビクター音楽産業, ,7200
241,1992-09-26,キングサーモン,ホット・ビィ, ,6800
242,1992-10-16,チキチキボーイズ,セガ, ,6000
243,1992-10-16,チェルノブ,データイースト, ,7800
244,1992-10-23,スーパーH.Q.,タイトー, ,6800
245,1992-10-23,機動警察パトレイバー 98式起動せよ!,マーバ, ,7800
246,1992-10-23,ブラックホールアサルト,マイクロネット, ,6800
247,1992-10-23,ヴィクセン357,メサイヤ, ,8800
248,1992-10-30,クライング 亜生命戦争 ,セガ, ,6800
249,1992-10-30,プロ野球スーパーリーグCD,セガ, ,7800
250,1992-10-30,ホリフィールドボクシング,セガ, ,7800
251,1992-10-30,ランドストーカー 〜皇帝の財宝〜,セガ, ,8700
252,1992-11-01,エアーマネジメント・大空に賭ける,光栄, ,11800
253,1992-11-08,三國志III,光栄, ,14800
254,1992-11-13,タイムギャル,ウルフチーム, ,7800
255,1992-11-20,プロフットボール,エレクトロニック・アーツ・ビクター, ,6800
256,1992-11-20,プロホッケー,エレクトロニック・アーツ・ビクター, ,6800
257,1992-11-20,ロードラッシュ,エレクトロニック・アーツ・ビクター, ,7800
258,1992-11-20,レミングス,サンソフト, ,7800
259,1992-11-21,ソニック・ザ・ヘッジホッグ2,セガ, ,6800
260,1992-11-27,電忍アレスタ,コンパイル, ,6800
261,1992-12-11,パワーアスリート,KANEKO, ,8500
262,1992-12-11,サイドポケット,データイースト, ,7800
263,1992-12-11,ランパート,テンゲン, ,6800
264,1992-12-11,中島悟監修F-1 スーパーライセンス,バリエ, ,9000
265,1992-12-18,アフターバーナーIII,CRI, ,8400
266,1992-12-18,ロードブラスターFX,ウルフチーム, ,7800
267,1992-12-18,ぎゅわんぶらあ自己中心派2 激闘!東京マージャンランド編,ゲームアーツ, ,7800
268,1992-12-18,ぷよぷよ,セガ, ,4800
269,1992-12-18,アイラブミッキー&ドナルド ふしぎなマジックボックス,セガ, ,6800
270,1992-12-18,パチンコクーニャン,ソフトビジョン, ,8500
271,1992-12-18,R.B.I.4.ベースボール,テンゲン, ,7800
272,1992-12-22,T.M.N.T.リターン オブ ザ シュレッダー,コナミ, ,6800
273,1992-12-25,天舞メガCDスペシャル,ウルフチーム, ,9800
274,1992-12-25,カプコンのクイズ殿様の野望,シムス, ,7800
275,1992-12-25,タズマニア,セガ, ,6800
276,1992-12-26,ドリームチームUSA,エレクトロニック・アーツ・ビクター, ,7800
277,1993-01-03,サイキック・ディテクティブ・シリーズVol.3 AYA,データウエスト, ,7600
278,1993-01-14,ベア・ナックルII 死闘への鎮魂歌,セガ, ,7800
279,1993-01-16,ヨーロッパ戦線,光栄, ,12800
280,1993-01-29,ゆみみみっくす,ゲームアーツ, ,7800
281,1993-01-29,ザ・キックボクシング,マイクロワールド, ,8500
282,1993-02-12,F22インターセプター,エレクトロニック・アーツ・ビクター, ,8900
283,1993-02-19,邪神ドラクソス,エレクトロニック・アーツ・ビクター, ,8900
284,1993-02-26,バットマン・リターンズ,セガ, ,6800
285,1993-02-26,Jリーグチャンピオンサッカー,ゲームアーツ, ,6800
286,1993-02-26,G-LOC AIR BATTLE,セガ, ,6800
287,1993-02-26,マジンサーガ,セガ, ,6800
288,1993-03-12,シムアース,セガ, ,7800
289,1993-03-12,ニンジャウォーリアーズ,タイトー, ,7800
290,1993-03-19,スプラッターハウス PARTIII,ナムコ, ,6800
291,1993-03-19,ウルフチャイルド,ビクター音楽産業, ,8800
292,1993-03-25,蒼き狼と白き牝鹿・元朝秘史,光栄, ,11800
293,1993-03-26,アウトラン2019,シムス, ,8800
294,1993-03-26,ドラえもん 夢どろぼうと7人のゴザンス,セガ, ,6800
295,1993-03-26,バトルトード,セガ, ,6800
296,1993-03-26,GODS,PCMコンプリート, ,8800
297,1993-03-26,ジャガーXJ220,ビクター音楽産業, ,8800
298,1993-03-30,アネット再び,ウルフチーム, ,7800
299,1993-04-02,NBAプロバスケットボール ブルズVSレイカーズ,エレクトロニック・アーツ・ビクター, ,8900
300,1993-04-02,ファイナルファイトCD,セガ, ,8800
301,1993-04-09,ウルトラマン,マーバ, ,5800
302,1993-04-16,PGAツアーゴルフII,エレクトロニック・アーツ・ビクター, ,9800
303,1993-04-23,デザートストライク 湾岸作戦,エレクトロニック・アーツ・ビクター, ,8900
304,1993-04-23,三國志III <メガCD版>,光栄, ,14800
305,1993-04-23,メガロマニア,CRI, ,8800
306,1993-04-23,SEGA CLASSIC ARCADE COLLECTION,セガ, ,2980
307,1993-04-23,SWITCH,セガ, ,8800
308,1993-04-23,餓狼伝説 宿命の闘い,セガ, ,8800
309,1993-04-23,ボールジャックス,ナムコ, ,6000
310,1993-04-23,らんま1/2 白蘭愛歌,メサイヤ, ,8300
311,1993-04-29,ゾウ!ゾウ!ゾウ! レスキュー大作戦,エレクトロニック・アーツ・ビクター, ,8900
312,1993-05-14,007・死闘,テンゲン, ,6800
313,1993-05-28,デバステイター,ウルフチーム, ,7800
314,1993-05-28,太閤立志伝,光栄, ,11800
315,1993-05-28,エクスランザー,セガ, ,7800
316,1993-05-28,ナイトストライカー,タイトー, ,7800
317,1993-05-28,スノーブラザーズ,テンゲン, ,7800
318,1993-05-28,幻影都市 -ILLUSION CITY-,マイクロキャビン, ,4980
319,1993-06-04,LHXアタックチョッパー,エレクトロニック・アーツ・ビクター, ,6800
320,1993-06-09,ジェームズポンドII コードネーム・ロボコッド,エレクトロニック・アーツ・ビクター, ,6900
321,1993-06-11,スラップファイト,テンゲン, ,7800
322,1993-06-18,パワーモンガー,エレクトロニック・アーツ・ビクター, ,8900
323,1993-06-18,Jリーグプロストライカー,セガ, ,8800
324,1993-06-25,ゴールデンアックスIII,セガ, ,6800
325,1993-06-25,メガシュヴァルツシルト,セガ, ,7800
326,1993-06-25,TOP PRO GOLF2,ソフトビジョン, ,8500
327,1993-06-25,エリミネートダウン,ソフトビジョン, ,8500
328,1993-06-25,スティールタロンズ,テンゲン, ,6800
329,1993-06-25,Aランクサンダー 誕生編,RIOT, ,7800
330,1993-07-16,ダイナミックカントリークラブ,セガ, ,7800
331,1993-07-23,アークスI・II・III,ウルフチーム, ,8800
332,1993-07-23,ロードラッシュII,エレクトロニック・アーツ・ビクター, ,8900
333,1993-07-23,ザ・スーパー忍II,セガ, ,6800
334,1993-07-23,聖魔伝説3×3EYES,セガ, ,8800
335,1993-07-30,NBAプレイオフ ブルズVSブレイザーズ,エレクトロニック・アーツ・ビクター, ,8900
336,1993-07-30,シルフィード,ゲームアーツ, ,8800
337,1993-07-30,騎士伝説,講談社総研, ,9800
338,1993-07-30,エコー・ザ・ドルフィン,セガ, ,6800
339,1993-07-30,バリ・アーム,ヒューマン, ,7500
340,1993-07-30,サイボーグ009,RIOT, ,7800
341,1993-08-06,ロケットナイト アドベンチャーズ,コナミ, ,7800
342,1993-08-06,江川卓のスーパーリーグCD,セガ, ,7800
343,1993-08-06,慶応遊撃隊,ビクターエンタテインメント, ,7400
344,1993-08-10,ウィザード・オブ・イモータル,エレクトロニック・アーツ・ビクター, ,9800
345,1993-08-13,マーブルマッドネス,テンゲン, ,6800
346,1993-08-20,キリング・ゲームショー,エレクトロニック・アーツ・ビクター, ,8900
347,1993-08-27,ジュラシック・パーク,セガ, ,6800
348,1993-08-27,雀豪ワールドカップ,ビクターエンタテインメント, ,8200
349,1993-09-03,ああ播磨灘,セガ, ,7800
350,1993-09-10,ミュータントリーグ・フットボール,エレクトロニック・アーツ・ビクター, ,8900
351,1993-09-10,ガンスターヒーローズ,セガ, ,6800
352,1993-09-15,信長の野望・全国版,光栄, ,8800
353,1993-09-17,ウイニングポスト,光栄, ,9800
354,1993-09-17,笑ゥせぇるすまん,セガ, ,7800
355,1993-09-17,ガントレット,テンゲン, ,7800
356,1993-09-17,サンダーホーク,ビクターエンタテインメント, ,7800
357,1993-09-23,ソニック・ザ・ヘッジホッグCD,セガ, ,8800
358,1993-09-23,マクドナルド トレジャーランド・アドベンチャー,セガ, ,6800
359,1993-09-23,モンキー・アイランド ユーレイ海賊大騒動!,ビクターエンタテインメント, ,8800
360,1993-09-24,ジョーダンVSバード ONE on ONE,エレクトロニック・アーツ・ビクター, ,8900
361,1993-09-24,蒼き狼と白き牝鹿・元朝秘史 <メガCD版>,光栄, ,9800
362,1993-09-28,ストリートファイターIIダッシュプラス,カプコン, ,9800
363,1993-10-01,シャイニング・フォースII 古えの封印,セガ, ,8800
364,1993-10-15,コラムスIII 対決!コラムスワールド,セガ, ,4800
365,1993-10-22,Vay 流星の鎧,シムス, ,7800
366,1993-10-29,リーサルエンフォーサーズ,コナミ, ,9800
367,1993-10-29,ペブルビーチの波濤,セガ, ,8800
368,1993-11-05,パーティークイズ MEGA Q,セガ, ,6800
369,1993-11-05,雀皇登龍門,セガ, ,6800
370,1993-11-12,アラジン,セガ, ,7800
371,1993-11-12,ダークウィザード 蘇りし闇の魔導士,セガ, ,6800
372,1993-11-19,スペースファンキーB.O.B.,エレクトロニック・アーツ・ビクター, ,8900
373,1993-11-19,アルスラーン戦記,セガ, ,7800
374,1993-11-19,ナイトトラップ,セガ, ,8800
375,1993-11-19,フリントストーン,タイトー, ,3880
376,1993-11-26,アルシャーク,サンドストーム, ,8800
377,1993-11-26,マイト アンド マジックIII,CRI, ,6800
378,1993-11-26,キング・オブ・ザ・モンスターズ,セガ, ,6800
379,1993-11-26,テクモスーパーボウル,テクモ, ,8900
380,1993-11-26,MiG-29,テンゲン, ,7800
381,1993-11-26,ザ・サード ワールド ウォー,マイクロネット, ,7800
382,1993-12-03,T.M.N.T.トーナメントファイターズ,コナミ, ,8800
383,1993-12-03,ダイナブラザーズ2,CRI, ,8800
384,1993-12-10,リーサルエンフォーサーズ,コナミ, ,9800
385,1993-12-10,ソニック・スピンボール,セガ, ,6800
386,1993-12-10,夢見館の物語,セガ, ,7800
387,1993-12-10,サイキック・ディテクティブ・シリーズVol.4 オルゴール,データウエスト, ,7600
388,1993-12-10,ドラゴンズリベンジ,テンゲン, ,7800
389,1993-12-17,ジャングルストライク,エレクトロニック・アーツ・ビクター, ,8900
390,1993-12-17,Jリーグプロストライカー完全版,セガ, ,8800
391,1993-12-17,ファンタシースター 千年紀の終りに,セガ, ,8800
392,1993-12-17,遙かなるオーガスタ,T&Eソフト, ,8800
393,1993-12-17,メタルファング,ビクターエンタテインメント, ,6800
394,1993-12-17,ブギウギ・ボーリング,ビスコ, ,6800
395,1993-12-24,バトルマニア大吟醸,ビック東海, ,7800
396,1993-12-25,オーサムポッサム,テンゲン, ,8800
397,1993-12-26,クルーボール,エレクトロニック・アーツ・ビクター, ,6800
398,1993-12-28,戦国伝承,サミー, ,8500
399,1993-12-29,魔天の創滅,講談社総研, ,8900
400,1993-12-29,フラッシュバック,サンソフト, ,8000
401,1994-01-14,ジェネラル・カオス 大混戦,エレクトロニック・アーツ・ビクター, ,8900
402,1994-01-14,龍虎の拳,セガ, ,8800
403,1994-01-28,いしいひさいちの大政界,セガ, ,7800
404,1994-01-28,デビルズコース,セガ, ,8800
405,1994-01-28,幽☆遊☆白書 外伝,セガ, ,8800
406,1994-02-04,NFLフットボール'94,セガ, ,8800
407,1994-02-11,ウィンターオリンピック,セガ, ,7800
408,1994-02-18,クールスポット,ヴァージンゲーム, ,8000
409,1994-02-18,NFLプロフットボール'94,エレクトロニック・アーツ・ビクター, ,9800
410,1994-02-18,エアーマネジメントII 航空王をめざせ,光栄, ,12800
411,1994-02-18,エターナルチャンピオンズ,セガ, ,7800
412,1994-02-25,T2 ジ・アーケードゲーム,アクレイムジャパン, ,8800
413,1994-02-25,信長の野望・覇王伝,光栄, ,12800
414,1994-02-25,真・女神転生,シムス, ,7800
415,1994-02-25,ワイアラエの奇蹟,セガ, ,8800
416,1994-02-25,デビスカップ,テンゲン, ,7800
417,1994-02-25,マイクロコズム,ビクターエンタテインメント, ,8900
418,1994-03-04,2020年スーパーベースボール,エレクトロニック・アーツ・ビクター, ,9800
419,1994-03-04,ハイパーダンク・ザ・プレイオフエディション,コナミ, ,8800
420,1994-03-04,テクモ・スーパーNBAバスケットボール,テクモ, ,8900
421,1994-03-11,クレヨンしんちゃん 嵐を呼ぶ園児,マーバ, ,8800
422,1994-03-18,バンパイアキラー,コナミ, ,7800
423,1994-03-18,バーチャレーシング,セガ, ,9800
424,1994-03-18,ゲームのかんづめ VOL.1,セガ, ,3980
425,1994-03-18,ゲームのかんづめ VOL.2,セガ, ,3980
426,1994-03-18,ベアナックルIII,セガ, ,7800
427,1994-03-18,F1サーカスCD,ニチブツ, ,8800
428,1994-03-18,ハイムドール,ビクターエンタテインメント, ,8800
429,1994-03-25,WWFロイヤルランブル,アクレイムジャパン, ,8900
430,1994-03-25,信長の野望・覇王伝 <メガCD版>,光栄, ,12800
431,1994-03-25,AX-101,セガ, ,7800
432,1994-03-25,ウイングコマンダー,セガ, ,7800
433,1994-03-25,V・V,テンゲン, ,7800
434,1994-03-25,ダンジョンマスターII スカルキープ,ビクターエンタテインメント, ,8800
435,1994-03-25,タイムドミネーター,ビック東海, ,7800
436,1994-04-01,タントアール,セガ, ,7800
437,1994-04-01,ぽっぷるメイル,セガ, ,7800
438,1994-04-01,モンスターワールドIV,セガ, ,8800
439,1994-04-01,ドラゴンボールZ 武勇列伝,バンダイ, ,8800
440,1994-04-02,ファンタシースター 復刻版,セガ, ,4800
441,1994-04-15,うる星やつら 〜ディア マイ フレンズ〜,ゲームアーツ, ,7800
442,1994-04-15,バトルファンタジー,マイクロネット, ,8400
443,1994-04-22,爆伝 アンバランスゾーン,ソニー・ミュージックエンタテインメント, ,7800
444,1994-04-22,キャプテン・ラング,データイースト, ,6800
445,1994-04-22,アイ・オブ・ザ・ビホルダー,ポニーキャニオン, ,7800
446,1994-04-23,ヘブンリーシンフォニー,セガ, ,7800
447,1994-04-29,NBAジャム,アクレイムジャパン, ,8800
448,1994-05-13,アウトランナーズ,セガ, ,7800
449,1994-05-13,仮面ライダーZO,東映ビデオ, ,7800
450,1994-05-20,ウィンブルドン,セガ, ,6800
451,1994-05-20,ロードス島戦記 英雄戦争,セガ, ,7800
452,1994-05-27,モータルコンバット,アクレイムジャパン, ,7800
453,1994-05-27,F117ステルス オペレーション：ナイトストーム,エレクトロニック・アーツ・ビクター, ,9800
454,1994-05-27,グレイテストヘビーウェイツ,セガ, ,7800
455,1994-05-27,ソニック・ザ・ヘッジホッグ3,セガ, ,5800
456,1994-05-28,ロボコップVSターミネーター,ヴァージンゲーム, ,8900
457,1994-06-03,モータルコンバット完全版,アクレイムジャパン, ,6800
458,1994-06-03,ドラゴンズレア,セガ, ,6800
459,1994-06-10,FIFAインターナショナルサッカー,エレクトロニック・アーツ・ビクター, ,9800
460,1994-06-17,新創世記ラグナセンティ,セガ, ,8000
461,1994-06-24,WWFマニア・ツアー,アクレイムジャパン, ,6800
462,1994-06-24,チャンピオンズワールドクラスサッカー,アクレイムジャパン, ,7800
463,1994-06-24,チャックロックII,ヴァージンゲーム, ,8000
464,1994-06-24,大航海時代II,光栄, ,11800
465,1994-06-24,ロードモナーク とことん戦闘伝説,セガ, ,8800
466,1994-06-24,餓狼伝説2 新たなる闘い,タカラ, ,9800
467,1994-06-25,スーパーストリートファイターII,カプコン, ,10900
468,1994-07-01,NBAプロバスケットボール'94,エレクトロニック・アーツ・ビクター, ,9800
469,1994-07-08,美少女戦士セーラームーン,マーバ, ,8800
470,1994-07-15,Jリーグプロストライカー2,セガ, ,7800
471,1994-07-22,シャイニング・フォースCD,セガ, ,7800
472,1994-07-22,ハイブリッド・フロント,セガ, ,8800
473,1994-07-22,パルスマン,セガ, ,7800
474,1994-07-29,シャドー・オブ・ザ・ビーストII 邪神の呪縛,ビクターエンタテインメント, ,8800
475,1994-08-05,ダイナマイトヘッディー,セガ, ,6800
476,1994-08-12,パノラマコットン,サンソフト, ,9500
477,1994-08-26,エコー・ザ・ドルフィン2,セガ, ,6800
478,1994-08-26,ラングリッサー2,メサイヤ, ,9800
479,1994-09-09,モータルコンバットII 究極神拳,アクレイムジャパン, ,8800
480,1994-09-15,魂斗羅ザ・ハードコア,コナミ, ,9000
481,1994-09-16,ドラゴンスレイヤー英雄伝説,セガ, ,8800
482,1994-09-22,スター・ウォーズ レベル・アサルト,ビクターエンタテインメント, ,8800
483,1994-09-23,スパークスター ロケットアドベンチャーズ2,コナミ, ,8800
484,1994-09-30,ジュラシックパーク,セガ, ,7800
485,1994-09-30,幽☆遊☆白書 魔強統一戦,セガ, ,8800
486,1994-09-30,キャプテン翼,テクモ, ,7800
487,1994-09-30,バトルコープス,ビクターエンタテインメント, ,8000
488,1994-10-18,ソニック&ナックルズ,セガ, ,7800
489,1994-10-21,ロックマンメガワールド,カプコン, ,8500
490,1994-10-28,スターブレード,ナムコ, ,7800
491,1994-11-11,アフターハルマゲドン外伝 魔獣闘将伝エクリプス,セガ, ,7800
492,1994-11-18,豪血寺一族,アトラス, ,9800
493,1994-11-19,サムライスピリッツ,セガ, ,8800
494,1994-11-25,リーサルエンフォーサーズII ザ・ウエスタン,コナミ, ,7800
495,1994-12-02,ぷよぷよ通,セガ, ,6800
496,1994-12-03,DOOM,セガ, ,7800
497,1994-12-03,スター・ウォーズ アーケード,セガ, ,8800
498,1994-12-03,スペースハリアー,セガ, ,4980
499,1994-12-09,ライオンキング,ヴァージンゲーム, ,7800
500,1994-12-09,ストーリー オブ トア 〜光を継ぐ者〜,セガ, ,8800
501,1994-12-16,ナイジェルマンセル・インディカー,アクレイムジャパン, ,7800
502,1994-12-16,トムとジェリー,アルトロン, ,8800
503,1994-12-16,ミッキーとミニー マジカルアドベンチャー2,カプコン, ,7800
504,1994-12-16,バーチャレーシング デラックス,セガ, ,8800
505,1994-12-20,テクモ・スーパーボウル2 スペシャルエディション,テクモ, ,9980
506,1994-12-20,NBAジャム,アクレイムジャパン, ,8800
507,1994-12-22,ルナ エターナルブルー,ゲームアーツ, ,9800
508,1994-12-22,トムキャットアレイ,セガ, ,7800
509,1994-12-22,ソウルスター,ビクターエンタテインメント, ,8000
510,1995-01-13,アフターバーナー・コンプリート,セガ, ,4980
511,1995-01-13,イチダントアール,セガ, ,6800
512,1995-01-20,ドラゴンスレイヤー英雄伝説II,セガ, ,8800
513,1995-01-27,サイバーブロール,セガ, ,7800
514,1995-02-17,リスター・ザ・シューティングスター,セガ, ,6800
515,1995-02-24,NBAジャム・トーナメントエディション,アクレイムジャパン, ,8800
516,1995-02-24,NFLクォーターバッククラブ'95,アクレイムジャパン, ,8800
517,1995-02-24,GOLF MAGAZINE PRESENTS 36 GREAT HOLES STARRING FRED COUPLES,セガ, ,8800
518,1995-02-24,エイリアンソルジャー,セガ, ,6800
519,1995-02-24,エコー・ザ・ドルフィンCD,セガ, ,4980
520,1995-02-24,メタルヘッド,セガ, ,7800
521,1995-02-24,大封神伝,ビクターエンタテインメント, ,6800
522,1995-03-17,サージングオーラ,セガ, ,8800
523,1995-03-24,TEMPO,セガ, ,7800
524,1995-03-24,ダブルスイッチ,セガ, ,6800
525,1995-03-24,プライズファイター,セガ, ,6800
526,1995-03-31,ミッキーマニア,セガ, ,7800
527,1995-03-31,餓狼伝説SPECIAL,ビクターエンタテインメント, ,6800
528,1995-04-21,カオティクス,セガ, ,7800
529,1995-04-28,トゥルーライズ,アクレイムジャパン, ,7800
530,1995-04-28,テレビアニメ・スラムダンク 強豪 真っ向対決!,バンダイ, ,8800
531,1995-05-19,モータルコンバットII 究極神拳,アクレイムジャパン, ,9800
532,1995-05-26,マキシマムカーネイジ,アクレイムジャパン, ,7800
533,1995-05-26,ライトクルセイダー,セガ, ,7800
534,1995-05-26,ステラアサルト,セガ, ,7800
535,1995-07-14,NFLクォーターバッククラブ'95,アクレイムジャパン, ,8800
536,1995-07-14,パラスコード,セガ, ,7800
537,1995-07-21,超球界ミラクルナイン,セガ, ,7800
538,1995-07-28,三國志IV,光栄, ,1480
539,1995-08-04,プロストライカーファイナルステージ,セガ, ,7800
540,1995-09-01,NBAジャム・トーナメントエディション,アクレイムジャパン, ,9800
541,1995-09-01,WWF RAW,アクレイムジャパン, ,9800
542,1995-09-01,ジャスティスリーグ,アクレイムジャパン, ,8800
543,1995-09-01,ジャッジ・ドレッド,アクレイムジャパン, ,7800
544,1995-09-01,コミックスゾーン,セガ, ,7800
545,1995-09-01,ファーレンハイト,セガ, ,6800
546,1995-09-22,ジ・ウーズ,セガ, ,5800
547,1995-10-20,バーチャファイター,セガ, ,7800
548,1995-10-17,バットマンフォーエヴァー,アクレイムジャパン, ,8800
549,1995-10-27,フォアマンフォーリアル,アクレイムジャパン, ,8800
550,1995-12-22,サージカルストライク,セガ, ,6800
551,1995-12-22,ぺぺんがペンゴ,セガ, ,4980
552,1995-12-31,バーチャルバート,アクレイムジャパン, ,8800
553,1995-12-31,WWF RAW,アクレイムジャパン, ,8800
554,1996-02-23,シャドウラン,コンパイル, ,7800
555,1996-03-22,魔導物語I,コンパイル, ,7800
